Name,Address,Public Key,Private Key,Account Type,Values
XYZ_Custodial_Services,n1AZSS6Uh4oKxjeEyxauwB2vvzq4C2NeHh,n45J58JmwDvLbQcdCsrffgMEcdavTdKY7J,cPKrfGCY7RUdLEToGFfVdZM5SsZxH5rzqyhmekmMQT1TXJbBcswy,TO,69901
Chevron_Hou_Metro,moLvwBEVzmKTYjMwtW42uQ1YbG9tNh8PDN,034aeae52c29bbdfcb2a46649471ba3c36f5edbe10ca3b4c3f421b9fdc025aead9,cVttPhKmkDDYtDgy5oTFyKpAY7cZaZMWc9eSrNym8u3KT6JW2Z2y,TO,45309
XYZ_Custodial_Services,mvrsD7J8oETbEW9MaCYhv9sdVM5UX8cxqy,037996f296a7156281018210b48157496cc58dd6d555aaf1e65e60194db92fa000,cR8pA2UUo9E7yhCzzrCPaRxh6xtf42baYuw34FrSpfmrvt4NAVqX,TO,21162
Xfinity_Hou_Fire,mhyaPAdGQf7pC71osJ5xR3BJddidVKS1JB,032d1d8b5fa2a7b0e24c8cb540826a016eb0818fc10e0d461347ee30603151020a,cMorDA5X9bHpLhqpvAw1fnS5KxKQpQ6cXnThX5ZhfFZU8HVkPtN5,TO,44959
Xfinity_Hou_PD,miuDXJcf7ywW4B7nEAHeH1JU59zsVuXwyX,02774a896b8a5ff581cb991c4a95dfd57f0a1c1e5175e46cc9a5e5ae957297d352,cQLipXTq7Hq6DeCNS1UEhQRSqCDsNaKxKjtSNhU1L8GndZaB9cCQ,TO,9370
Xfinity_Hou_Library,mnwxy8k9fQKLnCTthChp6Gjw21XZFDNqwX,03628a65d3a413c35397e50015ae784d5bf80f5ce7941b9b828cf95d27a853651f,cPzEXeHjgZkhkxZtJ49RnvxBND5cY6aWGqioRTVFi5xEEotK4CvX,TO,67345
Xfinity_Hou_Metro,mxEF16kQ6i13hWy2tB3zCSA7d7Qoz6kH5C,02a5b522351062a52566a10311fc7d458544dd479448572a56043ab0ff6c4dab4d,cQdKuATMpuXDE3Wv2Gy5y4Jwz1CYkvnHykrXFYUn3uSPSmAkqS68,TO,25778
Staples_Hou_Library,myEtVcCWzyFyrBqEkNLCEd64TTJmVhqP8N,03ff367c1a3bfb6e3f4a26f13c762a8291d04c62291ec9d44574a7d80ca2cfc513,cPveoepSkMiQuVMJqqSnxvjzGeGrBcjDkK1oubnhEFSu37zoDfaF,TO,56154
Nrg_Hou_lib,miggBXTcxjuH2ZjKjS35sgQyd38Zg7f1db,03453acc77f86f4217a15b8f8c7e2729e27c0a9c411fba551467798644f0aff7f0,cPqyPCtJTMzYjLBAHFrMMuUm6yNoFQiFGpkBJo2RJwUpL33fqvc7,TO,31973
Nrg_Hou_PD,mmnpMWWJiJoErkzn7vs2k1MLeKKSiFE98u,0257d883cdfa26fb247a918a921b4b1ed9537e1b28c0b7910c22e27d9589e880d0,cTopgJDT8MCjVf1xvNkyJVngSfXcw3PBsJ99rWVaPYhTGk7y4AC6,TO,60954
Nrg_Hou_Fire,n4kc8n5abjTBt57DDapamP5npAuRmnLtKz,032011ec7140ed85f37bc30d4ee8066445bd0e93f00b9ff89d632d15dd3f95d6e2,cSaKyLNmfrXqA15qqCpCqpeuzujBPk2mU4v4Eokvw9mc7BBDCZkq,TO,42813
Nrg_Hou_Metro,mjjFHtLs3HfxzqyXWPngdZr8GGht5DQjAi,033991c7db6663935dbc3bc152d05647b51d3447ad150be9f22dcb31d7e6ed6f1f,cUJ8N3jakm6fPJzhbSS4c37rLH6wCQVwjmYM52HP5MEq4fhTih9g,TO,11222
Staples_Hou_PD,mj6DbH2AwPMp1kVuqzYvMizYp1fkZy7Fse,02855b1010cad3491825ce599ac03703ef9581ad7273a7db9ae13c6e3c49ea41df,cTJnwxDoCL5sYCYsyyDSvavsPeQfX6CtxuydLcZKWQ2MBpkLK97k,TO,39748
Staples_Hou_Fire,n2aKfTVBXUUjAFvSRPFGsaPdDkPrYGm2zb,027e05633365a3be9f85876d65def1c855b083fef11df99fe0b0c4e21770a1e4b0,cRhy8FJLCwYmAFMbDD3EpQatAAQmWYxfb2T6X1Y3kReeMxjzmy1W,TO,70704
Staples_Hou_Metro,mrL6VE5h58enpjjdKZqKevA3xqcfbWihAg,02a9a2632fac1896b2314a1b21d9f72b99f5a09e04c62c8771333db36f6747f853,cN5RS8uaJnjNaa9n7gxksTn8rgxCsoXo365f2VnXnk8AePqpEUJB,TO,64038
Xfinity_Hou_HISD,mftifCZSE67GLkyw1aM9gM69LYiEWHriQU,0295b5545190b02a809b28314fe48e38c5cd24539b3baf377f62c52c462dae8c29,cMeSBfJDjktT1JnyqdtnHvsmpc4KeJeKwify39s5cZB6F1ahKg3d,TO,39557
Nrg_Hou_HISD,miLDLnpqxaj2eSkXdyrjXJnzcmMuuNkxLw,03b8c0c11f1c5028850a3625c8103ab958ff5b26519fc11c55b38ecbf8a8a99566,cMfSZwXwtNR2D4Hfo7oXRePu5vFe3PrjTfvKNv7jqvtskS4x6BJz,TO,21321
Staples_Hou_HISD,mnyuhKEeXPEeJLawTThnjsGdRSFL2mWx8k,028e6ab5c1040b3ff534a6add383e9a6c319698f8851fbddc57630e27affb80f17,cU793wstQrdCPy27wxjg8hRxfBu5n6nY2PDdxyFoqhNHfs7kgs1Q,TO,31351
Chevron_Hou_EMS,mmU557T4pq2FvJczDkXhPGsx9kq41R2d3i,03485482b0ad478b9d69f49b9726a07142fa74303595286daf514163959475f60f,cQw8oBZD9jhm5hG3cFMR2j92vwzWVi6xeQGmDp4p5qVwxazuTYnC,TO,17115
Xfinity_Hou_EMS,mrmPepNr2Ei5jdMv4krpWPaaQkLGTVGEvR,039bfa13949cc53fe5e28255e0385830609a511c11a6169649fbffd876d2ffc8c3,cRrtaFscCAxrvETdDgNFTwufDF8fUfDrmKgTsFyLuWEgcDfsqGSv,TO,32019
Hou_Metro_Custodial,mvanjhsJhGKTiotGqwdY44C7fbJn5A537Z,026d8add8411a7b7a36612fd16d15300e5bf4b625a78db96ae86f8b52e2db0ef2a,cQfVqdvecrcn8gcG9nj6hS5ZJ7e18Kdzn51BK4HXc2JBnfpFQYQu,FROM,69901
Hou_Metro_Fuel,mnKJ7WrgTG1FBhyPHLkFyCVVX7ZaPP5zwd,022e3d26190dfbda1fc8047c8981a3be3b14cab5d6c37d3443069bc324751e25a6,cMmucE2ucpfd4M8mCcY5HffnsMn3SrKieGKZ3tXFj8VuMhhB4YX5,FROM,45309
Hou_Library_Custodial,mqVSXAPnuURdZ1sjBeK9gMXcnVBCA8KUYS,03c4655b71c407038ca3e6604c13cea9f1d14494fcfb87d3289acceedf2445f7bd,cMfrhxXu3t7pz4DVNH8Rp8zJX8jykt6YRdnPnrhk7XtyNAYsJcTB,FROM,21162
Hou_Fire_Telecom,miaZqoENwwSK5PeDXKcUgQofhfcqG8Ab2K,03e2968558062b0e5f43220d93c586b3ef9721e64e565351eb0ec3fe4b7c89728c,cVaBGJYnwP7J3XQkkmodSBMMqivL2cTZW9vQcA2KP9V9TQdw9oG5,FROM,44959
Hou_PD_Telecom,mzi6cRhX7Ze3sSnJmUMviLbdFqM27L3sqC,0260e0d4283adb66cc0e1f7f003023ef008dbdc11a5b70dee7793f273e5a60f67b,cRBMuHiCBjS2rspueoALy6rZ9LRtpS29eRSCGgVTJSeHYXLjYP8g,FROM,9370
Hou_Library_Telecom,mqXLVv6i2b8G69GWHVcnU6MCy6BVn16YbP,021741e86a832f4d0130008be167f022423c4c7e0fb96f3036692e87ad1a10289d,cRyzaGmKF7eqFXCEA6ZrtkT7nHXvvaHJaHswWf88KbWJr8iN3Y94,FROM,67345
Hou_Metro_Telecom,mh1Tdb4urXjjyAXjCRqjXFGNL2kQGwS11x,0309542efb2a38900c463b1931f9476c90e62797551f78107074ab0969d9383caf,cMjeQQJKoK2MJTPthstAukyA3b3SbizqY5dx4SMKAnsXr86NmaWv,FROM,25778
Hou_Library_Paper,mpi42sQ3ixmFz8qweDX25Cf8QWJy3LS5wX,0276be0a09f0b1ecfd18336e022efd9d07366e2cfac0b4772acfe396e3994e85d8,cR9hY2BRxmqZQQbe2nVpfGkuxSot37Ypizz8m8qtYriPMJTKTcWJ,FROM,56154
Hou_Library_Electricity,mthC28Azzevxr3RL54fuHT8Z9v7tVW3PqZ,02fde66d4f6f612d5d07ff563ca9e9d9f86c9a663144ef0f4fa051909837eeabc7,cQUWbWnaYH9QxbsX2kVv9vKzfFy5mjzK3nEci7gpCxefpXpnu7hY,FROM,31973
Hou_PD_Electricity,mtgU3BnWjxFKf1VtTi5j9sRhKG5sKyhYNK,0224d37cc1db5407417805d3e7c1e1b2f82a4467bf5dd7e382c830563811d36872,cUSZv3355Ji46X795jJajXG3Zt8pJ6NRHcNgqxJKSe35uQ2KJxXp,FROM,60954
Hou_Fire_Electricity,mkBRPM9wCHdN1o3MaZGTJ1dfZHDLSjDCCQ,03faed7b9945f48ac75e0f339f64d154731b12ce8949f85e5879061d5e47c4be63,cRzPTUpbZzwrR5XVt51SoFNDHAikbchWpVun5F1zifhmXj8s1Qtj,FROM,42813
Hou_Metro_Electricity,mrLhXFrHYcxwKHLJAPvRurCU1ah2SaUurk,02d1f8e9b6533f5705c07200384b0ebc8f89f4e14b6f7529b4138713f9e1a824ca,cQexRMhRjioLRv8itJmrZCwQcfaQ5q6VQWSszMxQW16nHBtmG86Y,FROM,11222
Hou_PD_Paper,myCNQZGXEyRQBJWTx613udFducVvJikkKP,02fa608ae6b8cd9950313067155130f8d178981962a4a9c558a8c3afbc80cbe647,cP8tCZhZiJ9YpAXbnkjmr5YAZJVdbWANPDvqBSpde31vNZbrEpbc,FROM,39748
Hou_Fire_Paper,mrJfJUtYiUyg5iUVTKPMvJg7bzconELwqo,031e7f74663ff5753cd47776cf8023ca0528c962353e81ebf632ed5014c8616aae,cRnSeFtFK659wSL38H4chRdTisDk3b2Kxf7Kxurwya1BM4f6tevy,FROM,70704
Hou_Metro_Paper,mwWCYkNjbCgfgpwdcBAuFBJ2pmHbNvfJSC,0336bc79e1619a06ffd4cf1e97d1120deef84948e3231af35764b8264eb11899a4,cUDfx3gTNKvcVWAdwrav9LWiDnd1skkNo6LESdsyYeD2SM4DLXdZ,FROM,64038
Hou_HISD_Telecom,msoiBiUXYXzujDMoub9PTW9pVMgKno1Kda,03f13a924e8404c66a37e954a123a7a6cf46667940e4046ca05d3ab18df6a4dac1,cQfgDo2YcZt4Aba6DW3T4mUaz7zKHfcF6uz9w1Qv3xcXArVTyGCf,FROM,39557
Hou_HISD_Electricity,myhZES3LeYDk56vUW5PjiyEW7SBAcNE4Qo,03366db889371924d9b2daaeb3cffdf311adc5853f2475b1725adcda58fe9415e6,cN2Fxh3a3BBMK9q9fPDGTUSUeb6DEXNoMx7pSv3foay1xWuMhScD,FROM,21321
Hou_HISD_Paper,mx82WKq4mrtcrjvnS8DKpRDpzjMR7mWpnt,02ed41ffef50d9da2f354210da6bd503576963f7af4bef1b42cbe7ffb20e89c9d8,cVHeHoe6AhE87PNfcnBnjbYoK6YaToNstyTDauXiayWKRRKHkikk,FROM,31351
Hou_EMS_Fuel,mxhDo4XqL73dojSzrAdR8wFmuRc61U73fi,0312ea31ddb9f9a1d46e3374914c216ad4c66835b167b46e97dc7f2d80615733e7,cPfKa4idjJeqbpePBogjzPzSsjMyA1pXoousazod9Nabm6xtQkY6,FROM,17115
Hou_EMS_Telecom,n4Vww3zx2dsERht6NWWZoAHPkP8i7UWcSs,03982399761a4271024982792c81aaf615ee6289375505e799394f3a6574986982,cPRJ7LSVgnxjXpF4gRPPUi7pide5ykURkzjkLSypKqeCt4SiVnTp,FROM,32019
