Block,Piece,Encrypted,Agent,Share
104,0,"b'q\x12=8\x18\x0c\xbe\x93\xa48\x1dau\x16JR.\x05\xb3\xec\x19m\xd3\xfe*\xec\x98w\xbcm9\xe2:x\x03\tw\xbf=(\xe3\x89\x90\xaa:\xa2\x9d\x1b\xec\xbcV\x9b\x9e\xb9[\x91b\x98g\xee\x1euCk\xac{\x8c-\xafp\xd1E\xc5W\x80\x15\xe5;e &1a\x95\xa1\xea\x05h\xa3\xbb\xef\rV\x8d\xecLV\xfdh\xdd\xfeD\n0`j\xcc<\x81,\xcb\xc5\x85!\x0c\x1f\xd7\xf5\x80~Q+<f\x1afdm\xf9\x10\xeb\x87\xfb\xba\xbc/\'\xf0S\x15\x02.\xa8\xc6\x08S\xd1\x186Y\xb2\x0cf\xf5g7\x9c\xc4\xfe""T\xe4\xb6\xc4.b+8!\x85uH\xf4<\x8f\x96oz\x08b\xd1gJ\xa1r\xf5\x02\x8c\x81][\x9e\xdb\xbb.\x91\xa9\x0cj-\xaf\x13\xb2\x84dkw\xb0(\x1b\xd7\xeb\x13<\xc3M\xc7\xc0\xad\xf7.9k\xef\x05Q\x0bxW\x96\xd5VMD2\x11\xa9x\x08\xa7\x0b\x80\xe5\xb2\xc1mE\x83\xb7\xf7\x143\xd1\x88\x88\xa7C\x15M\xbe\x1ea\x10\xac6\xdb\xed\x8b\x15\xcd\xf6~}\xf7\x02\r&\xd4\x03\xe7U1\x05\'\xf5A\x1fz\xfe)q\x1a|\xf6\xac \x10\xf9\x99\xd8\x11\xe7wa\xa6\x80w\xd0Vt\xc4\xf5\xfa\xdd\x13\xf9\xa0\xd5\xf0\x9eS\x14\x18\x8d\xf8\xef\xaf\x12ee\xca\xc9\x8e\xf7a}xw=c+;\x81~\xe0\x18R\x0b\xa1N\xc2=\x18\x8c\xd4\xcc\xeca\xa91\xab\xedU3\xdd#\x1d\x0f<w\xea\x97G\xaeS\xd7,\xdcC\xc3\xf5\x9f\xb43\xc4b\xe9\x140\n\xf9j\xb7YX+\t\x9cafWI\xbd\x8f$;\xd2\xb5Y\x00\x01L\x1cK\x05E\x9693\x9d\xb3\xfd\x1dz\x89n\xe9\x972\x1dY\xca\xec\x05\xf4d\xe4z6=\xec\xb7+SkP\'Ar\xe5\xdf\xfb\xc5A\x8c\x19.\xc2/\xf4\x98\x8d\xc3D\xd2\x0f;\r\x95\xc5\x08\xbcD\t\xf9:S=\x82\xac\xe8\x9d\xd8\x136m\xef>\xfc\xa1\xbeV\xcb\xf5#~\x16\x95\xdf\xf3\xf1f\x1fp\xf9\x97\x17ptKpX'",1,1227
104,1,"b'\x0b\x8c\xc8\xa4\xfcQ\x077\xa0\x1f\x02\xba\x01Lw+\x1b \x0e\x06\x04""\\\xbb6b\xf5\xe9""+\xab\x84A\x18\x8d\xf5@\xd1G\xda\x14\xba\x19qd)\x80\xa3\x84\x9c\x18;\x1aQ\x11\x8f\x98\xb7\xb6D\x04\xf1\xc5\xf7?\xe6\xd0\x0c\xfb\x9b\x1d\xfa\xcf\xb2+Y\x91c\xed\x95\xf2\xa3\xfd\x88I\x9d\xcdO\xebJ\x0c\n-\x9bG\xf9\x12\x9fu\x041\x08\xf1\xfe\x1a\x1a2\x0b\xe0vJ\x0b\xfa\x04\xd8\x16)I\x00\xe9^W\xc9\x1a\xa3g\xfb\xecx\xc0h\x83)gBd\xb9\xc1\xe7\xf4\xd0(_\x8f\xe9\x96\xb0}\xef\x9d\xc1r\x87\xdb1?\xe6X6\xbc\xd7\x13SL\xfa\x92\xcf3\x89K\xce\x8b\x9b\xca}9\\\xa9^%0\x0cJ\x1c\x10\x13\xd9F\x8d\xeb\xf0Xz\xcd\xb4O;\xe0G>^\xe7\x87\x8c\xf5\t)(\x8d\xe1\xd8\x13P""d\xe2\x18\xb9\xf5\xce\xb6n\xcc\x1f\x11\xa4Os\xebg\xec\xa3\xee\x8aq%$\x86x,\x1c\xf2\xf7\x83\xf7\x197\xb4\x01T\xc5v\xfc\xb3\tI\x9d\xd6\xe8y\x7f\xc7\xbf\xb8\x03$g\xca\xa9\xc0\x88\xa3`\xdc\xad\xbe\x8e\xc6{\xc0\x995\xdeK\x83\xdb`\x909I\x10\x06^8\x99\xd1\xf7\xcc\xab3\x15\x80\xd9!\xd3<\x1dt\x1c\xda\t \x96\xdd\xf7k\xa9Z\xa4I\xf36W\x97%\x88\x96V\x17\xc7;aR\x95\xb1\xa6p\xc4\x94;\x05\x8e{5\xf1.\x1d\xd25\xb9\xd6l\xba\x81o\xba>O\xbc\x9a%\rBN\x8b\x8c\x83\xfb+\xf1j}\xab\x82u\xa4V@f\xdb\xfc@\xe4\xd2aL\xbc3\xb3\xcfQ\xfa\xddX\n\x8b\x88""\x8f\xdaE\x06\x17\xe0\x8b\xd0`\xa0F\x8f\xceN\x95\xc1ut\xd4v\xbcq\x08K\x03ml\xca\x03o\x01\x1d\xa9\x0c\x01\'\xc6\xaf\xb2\xed\xc7\x97m\xea-\xdc\xe5M\x8b\x05\x00\xf9n\x8a\x9f1\x99\x17e\xc8\xe8\x0b\xd5\xf2f\x88\x95\xe3\x18y\xb7\xebm\x97\xe7\x9d\xb7X\xa6\xd7c\x0f\xaf\xbe\x0e\xd9(Q@\xce\r\xf4\x86\x10#\x10\xf1\x98EqV\x0b_\x10\xe5\xb7\x19\x839,.+\xc81'",6,16382
104,2,"b""E$\xe2\x16\xb2ZL:\x9e}\x92\xc1\xce\x9a\xcc\x98\xe5Yq\xb2\xbd1\xeaC9\\,\x04\xb0\x88x\xdf\xdf`Q\x7f\xf1\x06\xa65\x7f\x15\xfe\xc9\xde\x8a>\x1a\xe8\xaes]c\xc3)E3\x1b8'\x0e\xbcp\xb4lL%]\xde\xc0\xa5\x0fq\xdea$\xcb\x97\xfdn\xaca\x03\xdc\xcf\xbeW\xfcb\xc1\x9b\xad\xc1\x81\xd3\x80ff\xc8\xf3\xe9\x90&9\x02g\xbcM1G\xd2\xa7\xa9\x0bBI\x8a\xa4G\xf6\xef+<\xba\xfd\xd3\xc8\xd5E\xec\xda[0\xf3\xe7\xc5\xa8W\xf2\xe8\x92*i\x10\r\xf1\x10\xba\x02\xef\x9c\xd3,\xc0\xd1\x98\xb1\xae\x97\xc9\x9d5:\xed\x84\x03\xca\x9bZ\xda\xac\x9f\xb8zvt\xfb\xe7$\x83\x8c\x08\x86\xa0\x0e\x0b\xba8\xa6J4\xdc\xde\xf8\xb5\x14\x94\xf1\xae\xa5\xc1\x98\x8a-\xe2\x08\xc0\x00\xfbO\x1e\xc6V\xf1\n\x86\x87`\xf3\x14J\xeb\xf8s\xf0\x19\xe1\xb6*\xc6^^\x1c^)\xf6\xdb\xa8P\x96\r\xd1\x9c\xa2x\xb8\xe7\x11\x88]a\x18v\n\xc2\x10\xcdi\x0f7\x86X_\xc3$\xef\x86\\\x01\x06\xfek\xd2il1\xfdA\xac\xa6\xce\x86\xd64\xb8\xfbTe\x17\xbe2\xdf<\x9e\xa2\x18[={\x95P\x9b\x81AFR\t\xd2A\x06\x14\x8b,S\xc3>\xb6b\x18\xbe\t\x89Px\x93\xec\xaf\xc4\xb5\xb4f\xfa2\xd8[`\x1e\xad%\xd6\xcf\x93\x85\xbc\x99sOS\xd3\xc2\xb7\xd2\xc3{\xc4ii(Q5\x89\nH`\xf2\xa2+ \xbd\xae\xda\x1c~\xcbn|]\xd0\xd4\xb7\xde|\x92mZ\xb8\x94\x01\x85e\x1aBw#\x1a{\xca\xe3\xc5\xb2\xae\xbbJ\x93\x1f-z\\\xca^\xf13xk!\x90d\x8btF\xac<\x9f5R\x94M\x18\xc4@\x8c\x19\xea\x07t\xc1\xa7G)u\xc6\x98W\x08\xab\xdbE$<\xcd$\x13\x0eF\xc8\xfc\x1fm0`\xa6j\xcb\x17\xf9-\x1d\x9b\x1f~\xb0\x14\x9c\xf7y\xf7\xd5l\x9c\xf8\xdb\xb4\x90h\xc6;\x80\x96!\xcb\xc4\xe6;}\x9d\xe0v\x03\x0b\xc9\x03,\xfeR\xf8\x9d\x16\x8d\x15\xc5\xc2\xd3""",5,11679
104,3,"b""3\xc7ft|S2G\xf4RM*\xe2\xc6\xc1f\xdc\xbe\x87b\x8c\xe4%\xf7i\x9b\xbc\xf0O\xe1\xa7J\xd5>\x0f\xf5\xd6\xab/y[\x12\x0b\x96\x1e\xd1%\xe1\x1bn,\xfa\xdc\xf0Y\x90\x94m\xc1\xa3\xe2q\x0c\x9a\xde\x0cF\xf9\xfc\xcd9\xbc\xa0rj\xa0k\x8d\xc9\xb9\xc9\\u\xad|U\xa3!b%\xa6\x81\xd3\x8aq\x9e\\\xbe\x8dGV\xd1\xdcm\x06\xb3\xd4vk\xa1d\xc4\x087\xe0\xaa\x865~\xca\xf0;\xecw\x1b\x97\xa9\xac\xc0\xee$\xa2\xe1d+\x1e7{\x91\x82\x87\xfc\xe5\x15\x0e\x01*3;)\x1b2\xab\xeb\xe7\xf7)\x0f\x9ch0\xdc\xd5.\x8f\xbd\x00\x9b\xd9\xa5\x11o\x859\xb9\xca\xbe\x9es3\xfd\x02\xa1\xe7\xf7\x9ab\xd7\xfa\xd9\xb8y\x0b\r\x0b\xe0\xad\x07\xe2\xfa\xba\xa5\xd3\xd5xt\xeb\xd9\xbdBk\xde\xf8\xeaqE?\x99\xdd\x16\x96\xb8\x95M]k\xe7I\xd6\xf8j\xe2\x01A\x9e;\xc9\xd8Pj\x8d\xce\xbc]m\xc5G\x9d\n\xa1\xa9\xf5{\xf7\xed\xb6\x18\x03S\x08.<\\Tk\xb0u\xf4f\xfe\x96\t\x1b\xd9k\xef\xe5\xf1S\x9c\r\x0fh\xb0\x0e\x9d\x1d\x9f\xed\x98P\x9c\x15 p\xc2=eR\xbcV1\x01\x8aX_\x96\x15\xdf\xcc\x9fQ\xb9N\xc3\x84\xfe'i\x16j\t\x00\x9a)v\xd0\xe2\x90u]\xa7\x16QY\xd2\x06ry\x98\xceZ\xb3\x9f-W\xed^\xd4\x96\x00U\xa7(\xc9\x82\xc6\xde\xcd\xd2\xcc\x8e\x88\xd9\xec\\Ug\xb0\x1a\x07\x94\xa5K\x8cH\x8fMBFWIzu\x95(\xb8\x07\x8e\xd1\x97\x8b\xb53\x0bNgO\xe3\xfd\xc6\x98\xe3\r\x94\xd2\x1d\x1d\xdc\x17`'\xaa3\xfa\x94_7U\xc2\xe7\xfe\xaay\xb2Ll\x06z\x8a\xa7\x96\xb5M\xa3.me\x9e\xd2X\xb1\xe2}\t\xbc\xe4[\x845]\xf7u\xad\xa48\x84\xed*C\xe5e!\x14P\x81.\x92\x82\x90\xdc\xeer\xa9mQ\x7f\x81k\xeft\x94\xc6ZR\x1e\x1a4\x90a\xf9\x19*o\xec\x95\xa1`\x85\x84K\x03\x8dP<\x01\xe6\xa9\xda\x19\xf3\x87""",8,28296
104,4,"b'2b\x16\x9f\xb1\xd5\x1b\xe2U\x98\xa6\x8cm\x0e\x02\xe6XsJzv[\x17!\xa9\x12\xf2B\xbe\x97\xaa\xa0\x7f\xb4\xad\x85\x17\x8a\x07{-\x10<\x01\xd0bP\\+\xe6\x93\xc4\x11\xb6agf_\x1f\xf1\xe3\xa1\xb2\x15gM \xb5\xf9\xdfrE\x07kF\xc07\xd0\x06\x94\xe8\xdb &9On%.#\x9a\x93\x013Fvl\xb1\xbcyX\xa6\xe17\x90\x99^QG\x068Gp\x07\xdb""\xc9\xdd\xe7b\x02\x16\xe4\x82\xc9\xc3\x00d\xc2\xc0\xfb\xd9:\x15\xda\x8f\x98:+lfU\x07\xd0l\xb5\x1b%\x9ec\x8c\x89\x12)D\xc2\xcb\xa7\x91>v\x07\x88V\x1b\xfe\x12e\x17A""\xeav=\x1f}\xb9\x01\xa6Z\xe8\xf1\xc9\x99\xd1\x9c\x04C\x7f\xde\x8aP\xe8\xbb\xea\xa0\x9e\x8fQ\x07=\xd4\n\x91oX\x18KPDE}\x17S[(y\xb5 \xc2\xb9\xa3:\xa2\xc9\x99\xaa\xa7\xf9l\xd6\xf2\xea\x16\x1e\xbf\xafx\x85\xb8\xfa\x0c\'bN\xa2\xc4\xe40\x1ck\xbe\xec\xc99\xb9\x9f/\xe0\xba\xff\xdbI;\x11Q\xf82\x00X\xfb\xf45\xe9\x81\x15\xa9\xa7ra\xec\xa9.V\xbbsS\x96e\xe6\x9f\x90\x9a\x8f\x8c\x96\x93\x9bEN\x90g8\xde$r\xc0m\x146\x82\xaf\xde\x88\xf4\t\xcc\xcb\xc9\xa1\xb8\xb6\xcf\xf2\xde\x853\x85\xa7l\xc7\x1d\xfa3\xe3\x95\xa1\xe7WX#\x85 Y8\x07\xbb#\xdcz=6no\t\xcd\xa5\xbf\xf5\xc7\xdb\x13yI\x02\xe7\xa5\xdf\x192&\x11\xd9\xa9\xfc\xd8\x1aG\xe62B\x0b\xca\xfd\x85\x1a\xbb~\xdc(+\x91\x1f\x88\xf2B\x1b\xa7\x90\xafF\xbd\x84ll.\xe9G\x96\xdf\x12,\xa1\xa9\xe5\xfbz\xaei\xa8\x7f\xbf\xaa\xac\xdf\x9f2$\x9e\xdd8i9MC\xf9\xb2g\xe6\xaf\xdf\x1c\xd3\xe5\xe6\x8c\x87\x08\xb6\x81\xe6\x9a\xc9\xd0y\x9b\xb7\xae(\x9cBp3\x05\x94\xd5\xfb\xaf&\xe7\x175\xbe\xf6\xa5\xd9{+\xf2\x87F\xd3\x0c\xe6\xb5\x14j\x03o \x98*\x14\xc5\xf5d\xb1\x13\xd6\xf8\xa7\x10\xad\x981\xb4\xb5rMBi\x8a'",2,2586
104,5,"b""Gn\xd5\x8aW\xa4\x1cA_\xa3i\xe3\xb1\xd4\xc1\x92r\xdc\xd9a@o\x05\xec\x17\x97\xa7\x84h\x1fn \xef\xfeYJ\xe8\x1c\xff\xe1{*j\x87\xf6c\xb3\x88\xd4\xffQ\xcb\xa2\x83Al\x8c0b\xe5\xeb\xf7\x02\xc7aO\x81M\xa3L\xb8\xbf\xda\x92&\xbd\xdf\x18\x0f\x92\x05$\xcb\x92+'\xcb\x98\xf1\x1fl,\xc6ci\x9e;\xd8\x9aQm\xdd\x9cQyA{\x9e\xe52\xaa5\xb24L\x08\xf5\x96\x98\xe9_=\x1f&\xce\xc3Y\xc2\xbf\xb5\x8bf\xfd\xa8Q\x80\xfc\xd0\xeai'\x8435\xe8\x80\xbb)f\xeb\x00\r\xa9\xa6\xe2\x1f\xf2\xfe$z\xeb\xa3\x98\xd6\xfb\xc7]\x96H\xa8\x80\x8c\x9b\xfc\xf0~\x07\x05\xb5\xcaj\xa7\x084\x9f\xbdF\xb9\xa7\x9e\xff$\x13E\xb8\x88\xba-\xf5RS\xaf53\x05\x8aA\xd2\xd9t\x040T\xffl]\x04\xb2s|\x88\xe1\xf2J\xb3\xe3\x88!q\xefN\xb7n\xe7\x1a\\C\xe2\xc4\xb7|L$\x11\xb1\xa4M[\x8a-\x0c\xfeae\x8f\xd3\x95\x17\x1c\xa8\xc5PS\x8f\x8b.\t\xa4\x16\x97AQKv(u^\x00\xcd\xdc) \xf7B~4\x87\x07\xdc$e\xf2\t\x98\xa8\x91w\xa1y]\xe8G\xacgkC\x02\x1d\xf0\x05-\x97T,\xa9E\xf2\n\xce\xcb\r\x9b\xf2}\xce\x1bT(w\xef8\x1b\xc9YMMQ\tA\xb3\xf8x\x85\xdb{\x9b\x8ac\xabQs\x97b\xcf\x9cSR\x91\\\x12\x9e\r\x9d\xdf,N\xe4\x81\xe3=\xcc\x02})\x9f\x04\xd6\xa0F\xe5\xb4M\xb0\xc8s\nBy*\x05\x0ce\x14\xa1\xc8B\xac`4\xad\xfcP\x98\xdf5o\x95\x8b\xc9\xee\x03TP\x17\xa6\xd7\xb2$\x14\xfaR-\xe1\xe5\xf7\x85\xc5u<p\x139\x908}\t\xf6)\xe3D\xd4\x03\x12\xea*g\xbbL6\xe1\x06\x1c\xb8\x8d\xa9\x8b\xfd\x0bBM\xe3R'\xcf\xa9\tAu\xa5\x1e\x18\xd7\xfa\xbd\xeb\xe1d\xa8\x8bxe\xf2{\xc9\xcde)\x05%\x0f4\x1cnv\xde\xa8V\xee\xd2\xef\x81\x84\x05p\x0e\xeaAt\xb35\xa9\xb8""",,
104,6,"b'3\xed\x87\xdd\x02\xb3eG\x93\x92\x914V;\xeb\x8f\xda\xb7\xd6\xaa\x1e\x8e?\x01\x860R\xe4A\xcb\xd29\xc1\xbc>\x00\x0f\x81\x14\x93\xd1Y\xe4\x82\xe06\xfch\xb09\x95\x1d\xdf\xcd\xe9\xc0""$\xc58s\xd8V\xbaK\xab\xf7\xdf,B\xff\xec\xa55Mt0\xa6<\xe5\x8d\xf5@\xa3\xae\xee\xb9\x87\x8b\xf5\xedw\xc3\xcf\xbf\xaaR\xae\x1c3\x1c\xc9\xb29\xba\xac{\x05\xf6\xceed\x8b\xf1\x13\xc5\xa9\xf6\xef2H,3\xa6\xbd\xf3\x8f\xaa-\x81F\xd4m\xf0\xeb\n\xf6\x0c\x12\xa8\x15\xaex\xc7\xda\x00\x9a\x1e\xfb\x85|\xee\xa9\xd3\xf5X\xee\x87\xe3\x9c\xae\xb8](\xb8U\x9a\x1f\xcaW\xf3\x19\xcf\xdb\xeep\x18\xead\xbe@\xc5\x98v\xd4\x8c~\xd3\xae\xf4@\xb2\x02\xd8\x8f@\x15\xec""\x7f\xc3\xdf\x15\xb5*\xcd\x99\xaey\xfb3\xf5\xbd\x8b\x05\x8eq\xdc\x996\x90\xca\x12\xb1\xe6t\xde\x8b\xe5\xee\xbc!\xd8\xc8t\xda)V\xeb\xc2\x13\xe9\xfaRS\xa5&\xe3\x00\xa1\xee\xf0\x7f\xab\x9c\xc6l\xd7\xa6w:gSp\xe3\xdd\x91e\x91$[\xd3U\xb3\x14\x01\xa1\xdbb\xb0\xe7U\x05v\x07s\xa2}\xdc-\xce\xfd\xd3\x8e\x02\x94\x9f\xa5\xbe]#\td\x8ay\xf9\xde\x8d\x80&\x91^\xb2-\xcaQ\x9d%J\x05\x18\xf4\x14\x1aU\xcb^D\xcb\x10\xb7\xf5\x8b$\xdbIi\xef>A\x80\xb3\xcc|\xf2\xdf4`\x88\xed\xf0\x06\x98\xb1\x86\xbc:\xd1R\x95\xdc\xcb`P\n\x07\x9e\xa4\x0cl\xa3\x89\x0c\xb8\xbb\xd0B\';c2{\xd5\xae\x97\xab0ux\xe2*N\x99;\x18\x1d$p\xb7l\xbb\xceI\xeb\x8c\x1e\xcd\xbf\xa3\xdd\xd6\xca\xd0\xd3V\xd6)\xd2\x0c\\c\xf6l\x90*]]W}\xb7\x00\x04\x0b\xa2\x98b\xf2\x85\x12\xd84\x1b\x12u\xa5za\x17\xd1:\x1e\x0f_\xdb\xbb\x90N\x1e?\x85\x92R!\xb8>\xba2\x05O\tH\xad\xd4m\xde\xb2\xb2\xa5\x00\x15\xcc.\xba\xba\x98\x8dG\x9aK#\xf7\xfd\xe4\x96~\xe7\x89&\xc2\xc5\xc6@\xe2\x7fH\x94\n\xe3\xbb\x8a\xccw'",,
104,7,"b'\x15Z#\xea\xb9\xe9\x1d\xd1N\xdd\x93`\x9c\xa6\xe9\xd0\x08 \xbc\xa7\x18B\x88\xf4av\xe4U\xcd\x04#3\x92q\xff:\x8c\xc4/r\xfe\xd4\x96z\xb8\xbaD\x88\xea\xdf\xde\x9aC-\xf5J\xd6\xed5\xe2\xf6\xe7\xd8G\xad{w\x9f\xd4\xfc\x88\x82\xd6)\xa9\x95\xba\x07=-\xbbC\x8c\x9c\xaa_6\x0c\x94%\x01\t3\x9a\x86\xbc9\x016\xcf\x85\xa9\x96F]\xaf\x16\xb8\xc5\x10\xda-b\r\r\xb9\xd7\xd7\xb9\x86g\xd0\xcc\xb1\x1a\xc7\x14\x18\xfdP\xc5\x85\xc5J\xf09\xe3\x99\xd5\xcc\xc4W\x7fjZ\xd7\xed\x98\xf97[\xae\xba\x06""96\x03F\x7fq\xbb\x16\x0e>`p\x95\xf1M\xf2!\x85c\xaf""&(\x0e\x83\x91\xf9\xb2m%\xe7z\x80\xccj \xcb?\x87\xe9\xf8\xdac\xdb\xe8]\xd9\x86\x83T\xa7S\xfb\x8c\xd3y\n""f\xb8\xf7\xc9\xda\x08n\xae\xe2k.\x9aS\xa1\xbcv\x0c\x1a\x9c\xe8\x8c\xc3W\x92?\xb0\xb6\xe70_\xf6\xa4\xeb\xedCPP\xc2\x16\xf2\xd03\x10\x06,X\x7f\xe2\xf2\t\xac@\xc4\xd9\xa0\xce\xa7R\xed\x0c\x06\xbe\xff+M$\xbe\xf7\x0cE\xe4\xcbK<\x089\xb8\xe5Y\x95N\x8a[\xf5\xf5@\xc7\xec\xd0\x03S$\x8em\x06\x01\x19\x1d\xaf\x119\x867so=\xf4\x8b\xc2\x9d\xcf\x9e\xab5\x05y\xaf\xeb\x02\x9e\x8e</\x07\xfa\xf4\xe7{\x1e\xc7\xf6\x0bu\xaetZ\xba\xbc{\x1fv\xd0\x1b\x16\xbe\xa7\xef\xa6\x1c\xf1\x85\xfb\x9a\x82\xee\xf4cz\xfeA\xafl\xd4\xec\x13\xae\xee\x12 \x0c\x98\x9e\xa0\x19\xa1\x9b\xe3{\xf6\x85\x11\x91;l/\xa8\xcf\x14\x87yn]\xa9o6\x86S\x18\xef@\xe1\x9a\t9\x05\xefXv\x18\xe8\x88\xc3\xce\xb9\x7f2\xd1\xbf\x06\x86\x02\xdd\x86!4r+\xc2uU5\xe0\xc5{\xfd\x8b\xd9\r+\x0b\xb1\xf9\x95`\xfdY\x99\xa2\x9f\x10\xacq\x16\xb7lj0e0\xbegd?\x19\xf9\xb1\xee\xe1\x19\'K\x1b\x14\x819\x87\xa1zh\xb8:n\xf2\x06P\x93\xa5V\xc9\x03JG\x9e5\x0f\xbb}x\xc7'",,
104,8,"b'\x01\x92q\x9c\xd5\x10\x01\xce\xae\xfak\xdd\xb3&\x90Y\xdaU-\xa3\xc9\xf1\x02a\x88v\x7f\x96\xec\xa1\xeb\xb6\x01\xe7\xa0d\xbe\xb2\r\xf6\xba\xdc\xef[\ru)\x0e\x81\xeaJ\xac\x18\x98\xdf\xb4W\xb5p\x9c\x17\xa4[\x17\x92f\x80\xc2\xe3\xfc\x81\xdf\x84f\x1c\xd9\xecHL\xbe\x8d3\xe0\xf2\xd4\x05\xd3\xcc\xd6\x9f\x0b\x9f\x88\xbd\x1b\xdf\xeb\xf0\x91%0\x99\xa2\x8c\xc12\x1e\xb7\nh`n\xd35\xc0\xc1\xea\xfdR\xd2\x0f\xe8\xbf\xc3)\xb9\xce\xc0i\xbf\x1aZ7\xf1R84\x85\x8e\x8ct\xaf\xf7g!\x81\xc4\xf4m\x06\xc7\x9ae\xf6\xe0\xefa7\xfb\t\x86=\xb5\x81Z:\xae8G\xc3\x94A\xd8\xcf\xc4\xf8\xbe\xe9\x84\xa3\x934\x95\x04\xa0v\x90\x1f\xcb}w\x07o\x9b\xe6\x8ax\xeb\xb0p\xb7\x8f>\xab\xe0 _y\xe3\x99@\xf5\x83\xe2\x1f\xd6\xda\xd6\x85\x17\xeex:\xc4\xdeJ%\x9e\xd7\x85\x08\x03K\xa7\xe2\x17\xd5A+\xd6\x91\xac\xc1\xf2\xd5gT\xd9E\xf8\xa8\x0eK\\\'\xe1hER\xf6\x9b)\xbc""\xa1J\x019\xb5\xbf\x82`P\x8cZqU-\xb2\\}\xc5\xedK\n^\xaf\xb7\xa0gsy0o\x0c<[\xc0kR\xe3\xb9\xd0\xaeW\xec\t\xef\xa5\xef\xc4\x8dq\xdbXq\x0c\xa8X\xda\xd9\x94\x8aw>\x8a\xce\xe3.d\xe2\x11\x8e\xba]\rz\xde\xe6\xc8\x1eUf\x186\xbd\x9f\x92\xaf\xeb\xee\x10\xe2\x9a\xa0>+\x0e\xb3uK\x1d\x9aM\x80\xba\xc0\x0b\x7f\xd4\xf1\xb0Y\x00EL!<e\x9a\xcd@[\x97)\xe6&\xcc\xd1\xc5\xd0<\x89\xebm\xa1\x0b\xb1\x0c\x08\x1e\'F\xe9\xcf\x1e\xcb\xb4\xdf\x1c\x93\xa9\x0e\x94\n\x8d\xd4\xfc\x0c_\x1b\xa9T\x11|\xe78\xfc \xbb\xdbW\xa3 \x0690%U\xef\xae\x87/\xf6WU4\x98!\xa4\xf6\xe1""\x1a\xb7\x9e\xaf2@\xca>\x96\xf9s\xfc\xca\x97\xc1\xfbB\x92y\x19\x8fl\x84-n\xf3\x88\x8d4\xe4n\xcc9_\xf2\x8e\xf1w4\xd1q4\xbd\xcd\xf9\x12\xb8\x97\xacE\x8d\xfa\x1ee\xb8\xd1\xeb\xf0w'",,
